{
  "N_IN_TXNS": 173056,
  "N_OUT_TXNS": 3042,
  "cycles": 736625,
  "N": 1,
  "latency_cycles": 736625,
  "runtime[ms]": 7.36625,
  "throughput[images/s]": 135.75428474461225,
  "fclk[mhz]": 100.0,
  "stable_throughput[images/s]": 135.75428474461225
}